Id,RowType,0,1,2,3,4,5,6,7,8,9,10,11,12,13,14,15,16,17,18,19,20,21,22,23,24,25,26,27,28,29,30,31,32,33,34,35,36,37,38,39,40,41,42,43,44,45,46,47,48,49,50,51,52,53,54,55,56,57,58,59,60,61,62,63,64,65,66,67,68,69,70,71,72,73,74,75,76,77,78,79,80,81,82,83,84,85,86,87,88,89,90,91,92,93,94,95,96,97,98,99,100
101,INFO,_,llllll,2271,h,,,,,,,,,,,,,,,,,,,,,,,,,,,,,,,,,,,,,,,,,,,,,,,,,,,,,,,,,,,,,,,,,,,,,,,,,,,,,,,,,,,,,,,,,,,,,,,,,
101,TERRAIN,l,l,l,l,l,l,l,l,l,l,l,l,l,l,m,m,l,l,m,l,h,m,l,l,l,l,m,l,l,,,,,,,,,,,,,,,,,,,,,,,,,,,,,,,,,,,,,,,,,,,,,,,,,,,,,,,,,,,,,,,,,,,,,,,,
101,TREE,12-t1(2 3),14-t2(-3 1),14-t3(3 -2),15-t1(4 -8),15-t3(-6 -5),15-t2(1 1),18-t4(6 -4),18-t2(-4 4),20-t1(6 -5),22-t2,23-t4(-4 1),23-t1(5 -3),26-t4(-4 2),26-t2(3 4),26-t1(6 -4),27-t3(2 0),28-t4(-2 -3),28-t3(5 3),,,,,,,,,,,,,,,,,,,,,,,,,,,,,,,,,,,,,,,,,,,,,,,,,,,,,,,,,,,,,,,,,,,,,,,,,,,,,,,,,,,
101,MARK,20-tower(-2 0),,,,,,,,,,,,,,,,,,,,,,,,,,,,,,,,,,,,,,,,,,,,,,,,,,,,,,,,,,,,,,,,,,,,,,,,,,,,,,,,,,,,,,,,,,,,,,,,,,,,
141,INFO,_,llllmm,4997,m,,,,,,,,,,,,,,,,,,,,,,,,,,,,,,,,,,,,,,,,,,,,,,,,,,,,,,,,,,,,,,,,,,,,,,,,,,,,,,,,,,,,,,,,,,,,,,,,,
141,TERRAIN,l,l,l,l,m,m,l,l,l,l,l,l,l,l,l,l,l,l,m,m,l,l,l,l,l,l,l,l,l,l,m,m,,,,,,,,,,,,,,,,,,,,,,,,,,,,,,,,,,,,,,,,,,,,,,,,,,,,,,,,,,,,,,,,,,,,,
141,RIVER,3-9,3-17,17-22,17-31,16-31,16-25,15-16,15-19,11-15,11-12,0-14,14-27,24-27,24-29,28-29,18-29,29-30,23-30,20-30,22-30,22-31,,,,,,,,,,,,,,,,,,,,,,,,,,,,,,,,,,,,,,,,,,,,,,,,,,,,,,,,,,,,,,,,,,,,,,,,,,,,,,,,
141,BRIDGE,17-22,16-25,,,,,,,,,,,,,,,,,,,,,,,,,,,,,,,,,,,,,,,,,,,,,,,,,,,,,,,,,,,,,,,,,,,,,,,,,,,,,,,,,,,,,,,,,,,,,,,,,,,
141,TREE,1-t3(-8 -5),12-t2(4 0),16-t1(-2 -3),17-t2(-7 1),17-t3(2 -3),18-t2(-2 4),24-t3(4 -4),29-t1(-7 2),29-t3(4 -4),,,,,,,,,,,,,,,,,,,,,,,,,,,,,,,,,,,,,,,,,,,,,,,,,,,,,,,,,,,,,,,,,,,,,,,,,,,,,,,,,,,,,,,,,,,,
141,MARK,30-star,,,,,,,,,,,,,,,,,,,,,,,,,,,,,,,,,,,,,,,,,,,,,,,,,,,,,,,,,,,,,,,,,,,,,,,,,,,,,,,,,,,,,,,,,,,,,,,,,,,,
142,INFO,_,llllmm,3103,AVG,,,,,,,,,,,,,,,,,,,,,,,,,,,,,,,,,,,,,,,,,,,,,,,,,,,,,,,,,,,,,,,,,,,,,,,,,,,,,,,,,,,,,,,,,,,,,,,,,
142,TERRAIN,l,l,l,l,m,m,l,l,l,l,l,l,l,l,l,_,_,_,_,_,_,_,_,_,_,_,_,_,_,,,,,,,,,,,,,,,,,,,,,,,,,,,,,,,,,,,,,,,,,,,,,,,,,,,,,,,,,,,,,,,,,,,,,,,,
161,INFO,_,lllmlm,1713,AVG,,,,,,,,,,,,,,,,,,,,,,,,,,,,,,,,,,,,,,,,,,,,,,,,,,,,,,,,,,,,,,,,,,,,,,,,,,,,,,,,,,,,,,,,,,,,,,,,,
161,TERRAIN,l,l,l,m,l,m,l,l,l,l,l,l,l,l,l,l,l,l,l,l,l,l,l,l,m,l,l,l,l,m,,,,,,,,,,,,,,,,,,,,,,,,,,,,,,,,,,,,,,,,,,,,,,,,,,,,,,,,,,,,,,,,,,,,,,,
161,RIVER,0-15,15-20,20-22,20-29,4-12,4-16,4-21,4-11,2-8,8-26,23-26,26-27,24-26,19-24,18-24,18-29,,,,,,,,,,,,,,,,,,,,,,,,,,,,,,,,,,,,,,,,,,,,,,,,,,,,,,,,,,,,,,,,,,,,,,,,,,,,,,,,,,,,,
161,BRIDGE,23-26,,,,,,,,,,,,,,,,,,,,,,,,,,,,,,,,,,,,,,,,,,,,,,,,,,,,,,,,,,,,,,,,,,,,,,,,,,,,,,,,,,,,,,,,,,,,,,,,,,,,
161,TREE,1-t1(-11 -2),1-t1(-5 -9),2-t1(-7 5),11-t3(6 1),11-t1(-3 5),13-t1(4 4),13-t1(6 -6),15-t4(5 -4),15-t1(-3 -4),17-t4(5 -2),17-t2(-5 6),17-t1(2 10),19-t1(-6 4),19-t2(-2 -6),19-t1(4 2),24-t4(4 -4),24-t1(-4 2),29-t4(-4 -4),29-t4(5 4),,,,,,,,,,,,,,,,,,,,,,,,,,,,,,,,,,,,,,,,,,,,,,,,,,,,,,,,,,,,,,,,,,,,,,,,,,,,,,,,,,
181,INFO,_,lllmmm,3058,AVG,,,,,,,,,,,,,,,,,,,,,,,,,,,,,,,,,,,,,,,,,,,,,,,,,,,,,,,,,,,,,,,,,,,,,,,,,,,,,,,,,,,,,,,,,,,,,,,,,
181,TERRAIN,l,l,l,m,m,m,l,l,l,l,m,m,m,m,l,l,l,l,m,m,h,l,m,m,m,l,m,l,l,l,m,,,,,,,,,,,,,,,,,,,,,,,,,,,,,,,,,,,,,,,,,,,,,,,,,,,,,,,,,,,,,,,,,,,,,,
181,RIVER,0-15,0-27,6-27,6-17,1-17,17-29,28-29,25-28,16-25,8-25,2-8,12-13,12-20,20-24,23-24,11-23,11-26,10-11,,,,,,,,,,,,,,,,,,,,,,,,,,,,,,,,,,,,,,,,,,,,,,,,,,,,,,,,,,,,,,,,,,,,,,,,,,,,,,,,,,,
181,BRIDGE,16-25,,,,,,,,,,,,,,,,,,,,,,,,,,,,,,,,,,,,,,,,,,,,,,,,,,,,,,,,,,,,,,,,,,,,,,,,,,,,,,,,,,,,,,,,,,,,,,,,,,,,
181,TREE,6-t3(-6 -5),6-t1(3 -9),8-t2(-8 7),12-t1(9 1),13-t3(5 2),18-t2(-2 -1),18-t3(4 6),19-t4(-3 -5),19-t2(-1 8),19-t3(6 5),21-t2(-4 1),22-t1(-7 -2),22-t4(3 2),23-t2(-4 6),23-t2(1 -9),23-t3(5 0),24-t1(-4 -2),24-t2(2 6),28-t2(-7 3),30-t1(2 -3),,,,,,,,,,,,,,,,,,,,,,,,,,,,,,,,,,,,,,,,,,,,,,,,,,,,,,,,,,,,,,,,,,,,,,,,,,,,,,,,,
181,MARK,20-star(2 -2),,,,,,,,,,,,,,,,,,,,,,,,,,,,,,,,,,,,,,,,,,,,,,,,,,,,,,,,,,,,,,,,,,,,,,,,,,,,,,,,,,,,,,,,,,,,,,,,,,,,
182,INFO,_,lllmmm,1691,AVG,,,,,,,,,,,,,,,,,,,,,,,,,,,,,,,,,,,,,,,,,,,,,,,,,,,,,,,,,,,,,,,,,,,,,,,,,,,,,,,,,,,,,,,,,,,,,,,,,
182,TERRAIN,l,l,l,m,m,m,l,l,l,l,l,l,l,l,l,l,l,m,l,l,l,l,l,m,l,l,l,l,l,l,l,m,,,,,,,,,,,,,,,,,,,,,,,,,,,,,,,,,,,,,,,,,,,,,,,,,,,,,,,,,,,,,,,,,,,,,
182,RIVER,0-15,15-22,22-28,22-30,21-30,19-30,29-30,25-29,24-25,23-24,16-23,11-16,10-11,3-10,12-13,13-31,13-27,17-27,27-28,25-28,25-30,2-8,8-20,18-20,18-19,19-29,,,,,,,,,,,,,,,,,,,,,,,,,,,,,,,,,,,,,,,,,,,,,,,,,,,,,,,,,,,,,,,,,,,,,,,,,,,
182,BRIDGE,13-27,24-25,8-20,,,,,,,,,,,,,,,,,,,,,,,,,,,,,,,,,,,,,,,,,,,,,,,,,,,,,,,,,,,,,,,,,,,,,,,,,,,,,,,,,,,,,,,,,,,,,,,,,,
182,TREE,1-t2(-6 -3),9-t2(-2 5),15-t1(5 -3),15-t3(-2 -9),17-t3(0 -4),18-t1(3 -5),18-t3(2 5),20-t1(7 -2),20-t2(-3 5),22-t2(-8 -2),23-t2(4 -4),28-t3(3 8),30-t2(9 -2),30-t3(-1 -3),,,,,,,,,,,,,,,,,,,,,,,,,,,,,,,,,,,,,,,,,,,,,,,,,,,,,,,,,,,,,,,,,,,,,,,,,,,,,,,,,,,,,,,
182,MARK,29-star,,,,,,,,,,,,,,,,,,,,,,,,,,,,,,,,,,,,,,,,,,,,,,,,,,,,,,,,,,,,,,,,,,,,,,,,,,,,,,,,,,,,,,,,,,,,,,,,,,,,
201,INFO,_,lllmhm,256,AVG,,,,,,,,,,,,,,,,,,,,,,,,,,,,,,,,,,,,,,,,,,,,,,,,,,,,,,,,,,,,,,,,,,,,,,,,,,,,,,,,,,,,,,,,,,,,,,,,,
201,TERRAIN,l,l,l,m,h,m,l,l,l,l,m,h,m,m,h,m,l,l,l,m,m,m,l,m,m,l,m,h,l,m,m,m,l,,,,,,,,,,,,,,,,,,,,,,,,,,,,,,,,,,,,,,,,,,,,,,,,,,,,,,,,,,,,,,,,,,,,
201,RIVER,0-17,17-32,18-32,18-30,19-30,19-26,22-26,22-25,8-25,2-8,,,,,,,,,,,,,,,,,,,,,,,,,,,,,,,,,,,,,,,,,,,,,,,,,,,,,,,,,,,,,,,,,,,,,,,,,,,,,,,,,,,,,,,,,,,
201,BRIDGE,19-26,,,,,,,,,,,,,,,,,,,,,,,,,,,,,,,,,,,,,,,,,,,,,,,,,,,,,,,,,,,,,,,,,,,,,,,,,,,,,,,,,,,,,,,,,,,,,,,,,,,,
201,CLIFF,10-11,11-20*,14-15,14-24,24-27,27-31*,,,,,,,,,,,,,,,,,,,,,,,,,,,,,,,,,,,,,,,,,,,,,,,,,,,,,,,,,,,,,,,,,,,,,,,,,,,,,,,,,,,,,,,,,,,,,,,
201,TREE,2-t3(-8 7),5-t1(7 -4),8-t3(-2 12),8-t2(-9 8),10-t2(-3 6),10-t1(4 2),11-t2(4 5),14-t1(5 3),17-t1(-4 -8),17-t1(3 -4),20-t1(5 8),20-t4(-4 -5),20-t3(5 -3),22-t1(8 -8),22-t2(-6 -4),24-t2(-5 -4),24-t3(-2 7),30-t2(-10 -8),30-t3(2 -6),,,,,,,,,,,,,,,,,,,,,,,,,,,,,,,,,,,,,,,,,,,,,,,,,,,,,,,,,,,,,,,,,,,,,,,,,,,,,,,,,,
221,INFO,_,llmllm,160,AVG,,,,,,,,,,,,,,,,,,,,,,,,,,,,,,,,,,,,,,,,,,,,,,,,,,,,,,,,,,,,,,,,,,,,,,,,,,,,,,,,,,,,,,,,,,,,,,,,,
221,TERRAIN,l,l,m,l,l,m,l,l,l,l,l,l,l,l,l,l,l,m,m,l,m,l,l,l,l,l,m,l,l,,,,,,,,,,,,,,,,,,,,,,,,,,,,,,,,,,,,,,,,,,,,,,,,,,,,,,,,,,,,,,,,,,,,,,,,
221,RIVER,0-15,0-21,6-21,6-19,6-24,1-24,1-7,3-10,3-22,11-22,11-28,4-28,4-25,4-12,,,,,,,,,,,,,,,,,,,,,,,,,,,,,,,,,,,,,,,,,,,,,,,,,,,,,,,,,,,,,,,,,,,,,,,,,,,,,,,,,,,,,,,
221,BRIDGE,6-19,3-22,,,,,,,,,,,,,,,,,,,,,,,,,,,,,,,,,,,,,,,,,,,,,,,,,,,,,,,,,,,,,,,,,,,,,,,,,,,,,,,,,,,,,,,,,,,,,,,,,,,
221,TREE,5-t1(7 -3),10-t2(1 6),10-t3(-8 3),17-t2(2 7),17-t3(-3 -5),20-t3(6 -6),20-t2(3 5),20-t1(-1 -9),21-t1(6 -4),21-t3(-2 -8),26-t3(-6 -5),26-t3(4 -2),26-t1(0 8),,,,,,,,,,,,,,,,,,,,,,,,,,,,,,,,,,,,,,,,,,,,,,,,,,,,,,,,,,,,,,,,,,,,,,,,,,,,,,,,,,,,,,,,
341,INFO,_,llmhhm,24,AVG,,,,,,,,,,,,,,,,,,,,,,,,,,,,,,,,,,,,,,,,,,,,,,,,,,,,,,,,,,,,,,,,,,,,,,,,,,,,,,,,,,,,,,,,,,,,,,,,,
341,TERRAIN,l,l,m,h,h,m,l,l,l,m,h,m,h,m,h,m,h,m,l,l,m,l,l,h,h,h,m,l,l,l,l,m,h,m,l,m,h,m,l,l,,,,,,,,,,,,,,,,,,,,,,,,,,,,,,,,,,,,,,,,,,,,,,,,,,,,,,,,,,,,,
341,RIVER,0-19,19-30,21-30,30-34,27-34,22-34,22-39,22-29,7-22,1-7,,,,,,,,,,,,,,,,,,,,,,,,,,,,,,,,,,,,,,,,,,,,,,,,,,,,,,,,,,,,,,,,,,,,,,,,,,,,,,,,,,,,,,,,,,,
341,BRIDGE,27-34,,,,,,,,,,,,,,,,,,,,,,,,,,,,,,,,,,,,,,,,,,,,,,,,,,,,,,,,,,,,,,,,,,,,,,,,,,,,,,,,,,,,,,,,,,,,,,,,,,,,
341,CLIFF,9-10,10-33*,16-17,16-37,32-37,31-32,31-36,36-38*,,,,,,,,,,,,,,,,,,,,,,,,,,,,,,,,,,,,,,,,,,,,,,,,,,,,,,,,,,,,,,,,,,,,,,,,,,,,,,,,,,,,,,,,,,,,,
341,TREE,8-t1(-3 0),9-t1(-4 3),17-t1(8 3),20-t4(-9 -6),20-t1(2 5),20-t2(-1 -5),21-t4(-3 -6),21-t3(2 6),21-t2(8 -4),22-t3(-3 -5),22-t2(7 1),22-t1(0 4),23-t1(4 -7),23-t2(-3 -3),25-t2(2 -2),28-t3(6 1),28-t2(-3 -3),29-t4(4 0),29-t1(-4 2),30-t2(-6 2),30-t3(-5 -9),31-t2(-1 6),31-t1(-7 2),31-t1(7 5),33-t1(6 3),,,,,,,,,,,,,,,,,,,,,,,,,,,,,,,,,,,,,,,,,,,,,,,,,,,,,,,,,,,,,,,,,,,,,,,,,,,,
341,MARK,38-star(2 2),,,,,,,,,,,,,,,,,,,,,,,,,,,,,,,,,,,,,,,,,,,,,,,,,,,,,,,,,,,,,,,,,,,,,,,,,,,,,,,,,,,,,,,,,,,,,,,,,,,,
342,INFO,_,llmhhm,4323,AVG,,,,,,,,,,,,,,,,,,,,,,,,,,,,,,,,,,,,,,,,,,,,,,,,,,,,,,,,,,,,,,,,,,,,,,,,,,,,,,,,,,,,,,,,,,,,,,,,,
342,TERRAIN,l,l,m,h,h,m,l,l,l,m,h,m,h,m,h,m,h,m,l,l,m,m,h,m,l,m,l,m,h,l,m,m,l,l,l,l,m,l,l,l,l,,,,,,,,,,,,,,,,,,,,,,,,,,,,,,,,,,,,,,,,,,,,,,,,,,,,,,,,,,,,
342,RIVER,0-19,0-29,27-29,27-37,32-37,32-33,32-39,32-34,34-40,7-40,1-7,,,,,,,,,,,,,,,,,,,,,,,,,,,,,,,,,,,,,,,,,,,,,,,,,,,,,,,,,,,,,,,,,,,,,,,,,,,,,,,,,,,,,,,,,,
342,BRIDGE,32-39,,,,,,,,,,,,,,,,,,,,,,,,,,,,,,,,,,,,,,,,,,,,,,,,,,,,,,,,,,,,,,,,,,,,,,,,,,,,,,,,,,,,,,,,,,,,,,,,,,,,
342,CLIFF,9-10,10-23,10-21*,16-17,16-30*,28-31*,25-28,13-28*,,,,,,,,,,,,,,,,,,,,,,,,,,,,,,,,,,,,,,,,,,,,,,,,,,,,,,,,,,,,,,,,,,,,,,,,,,,,,,,,,,,,,,,,,,,,,
342,TREE,13-t1(2 7),19-t1(-8 -8),19-t2(5 -1),20-t3(-5 -4),20-t2(5 3),20-t1(3 -5),22-t1(4 -3),23-t4(6 4),23-t1(-3 -2),24-t4(4 -2),24-t2(4 10),28-t3(-3 2),28-t2(3 -4),29-t4(-10 -2),29-t3(-2 -7),29-t1(2 3),35-t2(-4 4),35-t3(4 2),40-t3(-4 -2),40-t1(5 1),,,,,,,,,,,,,,,,,,,,,,,,,,,,,,,,,,,,,,,,,,,,,,,,,,,,,,,,,,,,,,,,,,,,,,,,,,,,,,,,,
342,MARK,38-star,,,,,,,,,,,,,,,,,,,,,,,,,,,,,,,,,,,,,,,,,,,,,,,,,,,,,,,,,,,,,,,,,,,,,,,,,,,,,,,,,,,,,,,,,,,,,,,,,,,,
343,INFO,_,llmhhm,4989,AVG,,,,,,,,,,,,,,,,,,,,,,,,,,,,,,,,,,,,,,,,,,,,,,,,,,,,,,,,,,,,,,,,,,,,,,,,,,,,,,,,,,,,,,,,,,,,,,,,,
343,TERRAIN,l,l,m,h,h,m,l,l,l,m,h,m,h,m,h,m,h,m,l,l,h,m,l,h,h,m,l,l,h,l,l,l,h,m,m,l,m,,,,,,,,,,,,,,,,,,,,,,,,,,,,,,,,,,,,,,,,,,,,,,,,,,,,,,,,,,,,,,,,
343,RIVER,0-19,0-35,6-35,6-27,6-22,1-22,1-7,,,,,,,,,,,,,,,,,,,,,,,,,,,,,,,,,,,,,,,,,,,,,,,,,,,,,,,,,,,,,,,,,,,,,,,,,,,,,,,,,,,,,,,,,,,,,,
343,BRIDGE,6-27,,,,,,,,,,,,,,,,,,,,,,,,,,,,,,,,,,,,,,,,,,,,,,,,,,,,,,,,,,,,,,,,,,,,,,,,,,,,,,,,,,,,,,,,,,,,,,,,,,,,
343,CLIFF,9-10,9-20,20-31*,16-17,16-21,21-24*,28-34*,28-29,28-33*,,,,,,,,,,,,,,,,,,,,,,,,,,,,,,,,,,,,,,,,,,,,,,,,,,,,,,,,,,,,,,,,,,,,,,,,,,,,,,,,,,,,,,,,,,,,
343,TREE,8-t4(-9 7),8-t1(-6 -6),9-t1(-2 12),9-t2(-6 2),12-t1(-2 7),15-t1(5 0),18-t1(2 -10),18-t2(8 -4),22-t4(0 -10),22-t2(-10 5),22-t1(1 4),23-t3(5 3),23-t1(-3 6),25-t3(4 -2),25-t2(-5 3),28-t3(-7 -3),30-t3(4 7),30-t1(8 -1),33-t2(-1 -7),33-t1(-4 4),35-t1(3 -5),35-t3(-8 -2),36-t4(-6 8),36-t2(4 9),36-t1(-6 -4),,,,,,,,,,,,,,,,,,,,,,,,,,,,,,,,,,,,,,,,,,,,,,,,,,,,,,,,,,,,,,,,,,,,,,,,,,,,
343,MARK,29-star(2 4),,,,,,,,,,,,,,,,,,,,,,,,,,,,,,,,,,,,,,,,,,,,,,,,,,,,,,,,,,,,,,,,,,,,,,,,,,,,,,,,,,,,,,,,,,,,,,,,,,,,
344,INFO,_,llmhhm,615,AVG,,,,,,,,,,,,,,,,,,,,,,,,,,,,,,,,,,,,,,,,,,,,,,,,,,,,,,,,,,,,,,,,,,,,,,,,,,,,,,,,,,,,,,,,,,,,,,,,,
344,TERRAIN,l,l,m,h,h,m,l,l,l,m,h,m,h,m,h,m,h,m,l,l,m,m,m,l,m,m,m,l,m,l,m,h,m,m,l,m,l,,,,,,,,,,,,,,,,,,,,,,,,,,,,,,,,,,,,,,,,,,,,,,,,,,,,,,,,,,,,,,,,
344,RIVER,0-19,19-32,21-32,29-32,23-29,24-29,24-36,24-27,8-24,7-24,7-23,1-7,,,,,,,,,,,,,,,,,,,,,,,,,,,,,,,,,,,,,,,,,,,,,,,,,,,,,,,,,,,,,,,,,,,,,,,,,,,,,,,,,,,,,,,,,
344,BRIDGE,23-29,,,,,,,,,,,,,,,,,,,,,,,,,,,,,,,,,,,,,,,,,,,,,,,,,,,,,,,,,,,,,,,,,,,,,,,,,,,,,,,,,,,,,,,,,,,,,,,,,,,,
344,CLIFF,9-10,10-26*,16-17,16-22,16-28*,,,,,,,,,,,,,,,,,,,,,,,,,,,,,,,,,,,,,,,,,,,,,,,,,,,,,,,,,,,,,,,,,,,,,,,,,,,,,,,,,,,,,,,,,,,,,,,,
344,TREE,0-t2(2 -14),7-t4(-10 0),10-t1(-4 4),13-t1(2 6),15-t1(5 -2),21-t4(-4 -8),21-t3(6 -6),21-t2(5 4),22-t1(9 3),22-t3(1 -2),26-t1(-2 -5),26-t2(5 0),29-t1(0 10),29-t1(7 2),29-t3(-7 6),31-t2(0 -5),31-t3(-8 -2),32-t2(0 -8),32-t3(-6 0),32-t4(2 10),34-t3(5 -2),,,,,,,,,,,,,,,,,,,,,,,,,,,,,,,,,,,,,,,,,,,,,,,,,,,,,,,,,,,,,,,,,,,,,,,,,,,,,,,,
344,MARK,34-star(-3 6),,,,,,,,,,,,,,,,,,,,,,,,,,,,,,,,,,,,,,,,,,,,,,,,,,,,,,,,,,,,,,,,,,,,,,,,,,,,,,,,,,,,,,,,,,,,,,,,,,,,
345,INFO,_,llmhhm,671,AVG,,,,,,,,,,,,,,,,,,,,,,,,,,,,,,,,,,,,,,,,,,,,,,,,,,,,,,,,,,,,,,,,,,,,,,,,,,,,,,,,,,,,,,,,,,,,,,,,,
345,TERRAIN,l,l,m,h,h,m,l,l,l,m,h,m,h,m,h,m,h,m,l,l,l,l,l,m,l,l,h,h,m,h,l,m,l,l,m,h,m,l,,,,,,,,,,,,,,,,,,,,,,,,,,,,,,,,,,,,,,,,,,,,,,,,,,,,,,,,,,,,,,,
345,RIVER,0-19,19-24,20-24,22-24,6-22,1-22,1-25,1-7,,,,,,,,,,,,,,,,,,,,,,,,,,,,,,,,,,,,,,,,,,,,,,,,,,,,,,,,,,,,,,,,,,,,,,,,,,,,,,,,,,,,,,,,,,,,,
345,BRIDGE,6-22,,,,,,,,,,,,,,,,,,,,,,,,,,,,,,,,,,,,,,,,,,,,,,,,,,,,,,,,,,,,,,,,,,,,,,,,,,,,,,,,,,,,,,,,,,,,,,,,,,,,
345,CLIFF,16-17,16-28*,27-33*,33-35,29-33*,9-10,10-23,23-26,26-34*,,,,,,,,,,,,,,,,,,,,,,,,,,,,,,,,,,,,,,,,,,,,,,,,,,,,,,,,,,,,,,,,,,,,,,,,,,,,,,,,,,,,,,,,,,,,
345,TREE,1-t1(-6 -5),1-t3(-15 -2),5-t1(8 -3),9-t1(0 10),9-t2(-6 3),10-t2(-6 4),12-t3(5 1),19-t1(-1 -5),19-t4(9 -5),20-t4(-5 -4),20-t3(0 9),20-t2(7 0),25-t3(3 12),25-t1(-6 -4),25-t1(1 -9),27-t1(-6 5),27-t2(7 -5),27-t1(-2 -3),28-t2(-5 5),28-t3(1 -6),30-t1(9 3),33-t3(-8 -2),33-t2(-1 6),35-t3(-6 4),35-t2(-3 -6),,,,,,,,,,,,,,,,,,,,,,,,,,,,,,,,,,,,,,,,,,,,,,,,,,,,,,,,,,,,,,,,,,,,,,,,,,,,
345,MARK,33-star,,,,,,,,,,,,,,,,,,,,,,,,,,,,,,,,,,,,,,,,,,,,,,,,,,,,,,,,,,,,,,,,,,,,,,,,,,,,,,,,,,,,,,,,,,,,,,,,,,,,
346,INFO,_,llmhhm,1070,AVG,,,,,,,,,,,,,,,,,,,,,,,,,,,,,,,,,,,,,,,,,,,,,,,,,,,,,,,,,,,,,,,,,,,,,,,,,,,,,,,,,,,,,,,,,,,,,,,,,
346,TERRAIN,l,l,m,h,h,m,l,l,l,m,h,m,h,m,h,m,h,m,l,l,l,l,l,l,h,l,m,m,m,m,m,m,l,m,h,h,m,l,h,,,,,,,,,,,,,,,,,,,,,,,,,,,,,,,,,,,,,,,,,,,,,,,,,,,,,,,,,,,,,,
346,RIVER,0-19,19-21,21-23,21-33,20-21,6-20,1-20,1-22,1-7,,,,,,,,,,,,,,,,,,,,,,,,,,,,,,,,,,,,,,,,,,,,,,,,,,,,,,,,,,,,,,,,,,,,,,,,,,,,,,,,,,,,,,,,,,,,
346,BRIDGE,6-20,,,,,,,,,,,,,,,,,,,,,,,,,,,,,,,,,,,,,,,,,,,,,,,,,,,,,,,,,,,,,,,,,,,,,,,,,,,,,,,,,,,,,,,,,,,,,,,,,,,,
346,CLIFF,16-17,16-27*,9-10,9-24,24-28,28-38,29-38*,,,,,,,,,,,,,,,,,,,,,,,,,,,,,,,,,,,,,,,,,,,,,,,,,,,,,,,,,,,,,,,,,,,,,,,,,,,,,,,,,,,,,,,,,,,,,,
346,TREE,1-t1(-6 -6),1-t2(-12 -1),3-t1(0 8),12-t3(0 4),18-t1(7 -5),19-t2(4 -4),21-t4(6 -6),21-t1(-4 1),22-t2(0 10),23-t3(-8 -3),23-t1(2 -2),23-t1(-2 5),30-t3(5 -3),30-t2(-5 0),33-t3(-6 0),33-t2(2 5),35-t2(-6 -1),35-t1(3 3),,,,,,,,,,,,,,,,,,,,,,,,,,,,,,,,,,,,,,,,,,,,,,,,,,,,,,,,,,,,,,,,,,,,,,,,,,,,,,,,,,,
346,MARK,37-star,,,,,,,,,,,,,,,,,,,,,,,,,,,,,,,,,,,,,,,,,,,,,,,,,,,,,,,,,,,,,,,,,,,,,,,,,,,,,,,,,,,,,,,,,,,,,,,,,,,,
361,INFO,_,lmlmlm,3523,AVG,,,,,,,,,,,,,,,,,,,,,,,,,,,,,,,,,,,,,,,,,,,,,,,,,,,,,,,,,,,,,,,,,,,,,,,,,,,,,,,,,,,,,,,,,,,,,,,,,
361,TERRAIN,l,m,l,m,l,m,l,l,l,l,l,l,l,l,l,l,l,l,_,_,_,_,_,_,_,_,_,_,_,_,_,_,_,_,_,,,,,,,,,,,,,,,,,,,,,,,,,,,,,,,,,,,,,,,,,,,,,,,,,,,,,,,,,,,,,,,,,,
381,INFO,_,lmlmmm,4665,h,,,,,,,,,,,,,,,,,,,,,,,,,,,,,,,,,,,,,,,,,,,,,,,,,,,,,,,,,,,,,,,,,,,,,,,,,,,,,,,,,,,,,,,,,,,,,,,,,
381,TERRAIN,l,m,l,m,m,m,l,l,l,l,l,l,m,m,m,m,l,l,l,m,m,l,l,m,h,m,m,m,l,m,l,h,l,l,m,l,m,h,,,,,,,,,,,,,,,,,,,,,,,,,,,,,,,,,,,,,,,,,,,,,,,,,,,,,,,,,,,,,,,
381,RIVER,14-15,15-20,20-23,23-31,25-31,31-36,34-36,27-36,27-32,32-33,28-33,9-33,2-9,0-6,0-22,0-17,12-13,13-34,13-31,29-31,20-31,2-10,10-33,10-27,11-27,11-24,3-24,12-24,12-34,,,,,,,,,,,,,,,,,,,,,,,,,,,,,,,,,,,,,,,,,,,,,,,,,,,,,,,,,,,,,,,,,,,,,,,,
381,BRIDGE,34-36,13-34,10-33,,,,,,,,,,,,,,,,,,,,,,,,,,,,,,,,,,,,,,,,,,,,,,,,,,,,,,,,,,,,,,,,,,,,,,,,,,,,,,,,,,,,,,,,,,,,,,,,,,
381,CLIFF,21-37*,22-37,35-37*,,,,,,,,,,,,,,,,,,,,,,,,,,,,,,,,,,,,,,,,,,,,,,,,,,,,,,,,,,,,,,,,,,,,,,,,,,,,,,,,,,,,,,,,,,,,,,,,,,
401,INFO,_,lmlmhm,3565,AVG,,,,,,,,,,,,,,,,,,,,,,,,,,,,,,,,,,,,,,,,,,,,,,,,,,,,,,,,,,,,,,,,,,,,,,,,,,,,,,,,,,,,,,,,,,,,,,,,,
401,TERRAIN,l,m,l,m,h,m,l,l,l,l,l,l,m,h,m,m,h,m,l,l,l,l,h,m,h,m,l,m,m,l,m,l,m,h,l,h,m,,,,,,,,,,,,,,,,,,,,,,,,,,,,,,,,,,,,,,,,,,,,,,,,,,,,,,,,,,,,,,,,
401,RIVER,0-6,6-29,29-32,30-32,0-19,19-29,19-30,30-36,30-34,25-30,25-32,24-32,20-24,9-24,24-28,27-28,21-28,10-28,2-28,2-9,2-10,,,,,,,,,,,,,,,,,,,,,,,,,,,,,,,,,,,,,,,,,,,,,,,,,,,,,,,,,,,,,,,,,,,,,,,,,,,,,,,,
401,BRIDGE,27-28,25-30,,,,,,,,,,,,,,,,,,,,,,,,,,,,,,,,,,,,,,,,,,,,,,,,,,,,,,,,,,,,,,,,,,,,,,,,,,,,,,,,,,,,,,,,,,,,,,,,,,,
401,CLIFF,16-17,17-22*,12-13,13-31*,22-34*,33-34,34-35*,31-33*,31-35,26-35,27-35*,,,,,,,,,,,,,,,,,,,,,,,,,,,,,,,,,,,,,,,,,,,,,,,,,,,,,,,,,,,,,,,,,,,,,,,,,,,,,,,,,,,,,,,,,,
401,TREE,3-t1(1 8),7-t2(0 -7),11-t1(3 7),11-t3(-7 5),12-t2(4 6),16-t2(6 0),19-t1(5 -1),19-t3(-4 -7),24-t1(-4 -5),24-t2(-6 5),28-t1(-4 -3),28-t1(3 -8),28-t1(6 7),29-t2(0 -5),32-t2(-7 -8),32-t4(1 -1),35-t1(7 0),35-t2(0 -3),,,,,,,,,,,,,,,,,,,,,,,,,,,,,,,,,,,,,,,,,,,,,,,,,,,,,,,,,,,,,,,,,,,,,,,,,,,,,,,,,,,
401,MARK,24-star(4 -2),,,,,,,,,,,,,,,,,,,,,,,,,,,,,,,,,,,,,,,,,,,,,,,,,,,,,,,,,,,,,,,,,,,,,,,,,,,,,,,,,,,,,,,,,,,,,,,,,,,,
402,INFO,_,lmlmhm,638,l,,,,,,,,,,,,,,,,,,,,,,,,,,,,,,,,,,,,,,,,,,,,,,,,,,,,,,,,,,,,,,,,,,,,,,,,,,,,,,,,,,,,,,,,,,,,,,,,,
402,TERRAIN,l,m,l,m,h,m,l,l,l,l,l,l,m,h,m,m,h,m,l,l,m,_,l,h,l,l,l,h,l,m,_,l,m,h,h,,,,,,,,,,,,,,,,,,,,,,,,,,,,,,,,,,,,,,,,,,,,,,,,,,,,,,,,,,,,,,,,,,
402,RIVER,2-9,2-10,0-6,0-19,0-22,6-22,22-28,,,,,,,,,,,,,,,,,,,,,,,,,,,,,,,,,,,,,,,,,,,,,,,,,,,,,,,,,,,,,,,,,,,,,,,,,,,,,,,,,,,,,,,,,,,,,,
402,LAKE,30,21,,,,,,,,,,,,,,,,,,,,,,,,,,,,,,,,,,,,,,,,,,,,,,,,,,,,,,,,,,,,,,,,,,,,,,,,,,,,,,,,,,,,,,,,,,,,,,,,,,,
402,BRIDGE,22-28,,,,,,,,,,,,,,,,,,,,,,,,,,,,,,,,,,,,,,,,,,,,,,,,,,,,,,,,,,,,,,,,,,,,,,,,,,,,,,,,,,,,,,,,,,,,,,,,,,,,
402,CLIFF,16-17,17-33*,12-13,13-20*,23-31*,27-31,31-34,25-34*,,,,,,,,,,,,,,,,,,,,,,,,,,,,,,,,,,,,,,,,,,,,,,,,,,,,,,,,,,,,,,,,,,,,,,,,,,,,,,,,,,,,,,,,,,,,,
402,TREE,9-t1(-9 7),9-t1(-6 -6),13-t2(1 7),16-t1(5 0),19-t1(10 -4),19-t3(2 -8),22-t1(4 10),22-t2(-5 3),22-t2(3 -7),24-t2(-10 -5),24-t2(-2 -9),25-t3(9 -5),26-t1(10 2),26-t2(-12 10),26-t3(0 7),28-t1(-4 5),28-t3(-3 -7),31-t1(-10 -4),31-t1(14 -5),31-t2(12 5),,,,,,,,,,,,,,,,,,,,,,,,,,,,,,,,,,,,,,,,,,,,,,,,,,,,,,,,,,,,,,,,,,,,,,,,,,,,,,,,,
402,MARK,31-star(4 12),,,,,,,,,,,,,,,,,,,,,,,,,,,,,,,,,,,,,,,,,,,,,,,,,,,,,,,,,,,,,,,,,,,,,,,,,,,,,,,,,,,,,,,,,,,,,,,,,,,,
403,INFO,_,lmlmhm,4262,m,,,,,,,,,,,,,,,,,,,,,,,,,,,,,,,,,,,,,,,,,,,,,,,,,,,,,,,,,,,,,,,,,,,,,,,,,,,,,,,,,,,,,,,,,,,,,,,,,
403,TERRAIN,l,m,l,m,h,m,l,l,l,l,l,l,m,h,m,m,h,m,l,l,m,h,l,l,l,m,h,m,h,l,m,m,m,l,l,l,m,l,m,,,,,,,,,,,,,,,,,,,,,,,,,,,,,,,,,,,,,,,,,,,,,,,,,,,,,,,,,,,,,,
403,RIVER,0-19,0-37,22-37,22-31,22-38,35-38,34-38,33-34,9-33,2-33,2-10,2-9,0-6,0-22,,,,,,,,,,,,,,,,,,,,,,,,,,,,,,,,,,,,,,,,,,,,,,,,,,,,,,,,,,,,,,,,,,,,,,,,,,,,,,,,,,,,,,,
403,CLIFF,16-17,16-24,21-24*,12-13,13-27*,,,,,,,,,,,,,,,,,,,,,,,,,,,,,,,,,,,,,,,,,,,,,,,,,,,,,,,,,,,,,,,,,,,,,,,,,,,,,,,,,,,,,,,,,,,,,,,,
404,INFO,_,lmlmhm,2333,h,,,,,,,,,,,,,,,,,,,,,,,,,,,,,,,,,,,,,,,,,,,,,,,,,,,,,,,,,,,,,,,,,,,,,,,,,,,,,,,,,,,,,,,,,,,,,,,,,
404,TERRAIN,l,m,l,m,h,m,l,l,l,l,l,l,m,h,m,m,h,m,l,l,l,l,h,m,m,m,h,l,h,h,h,m,m,l,h,m,m,m,m,h,h,l,,,,,,,,,,,,,,,,,,,,,,,,,,,,,,,,,,,,,,,,,,,,,,,,,,,,,,,,,,,
404,RIVER,0-19,0-20,6-20,6-21,7-21,7-31,31-37,31-34,34-35,34-39,9-39,9-24,2-24,2-10,2-9,0-6,,,,,,,,,,,,,,,,,,,,,,,,,,,,,,,,,,,,,,,,,,,,,,,,,,,,,,,,,,,,,,,,,,,,,,,,,,,,,,,,,,,,,
404,BRIDGE,34-39,,,,,,,,,,,,,,,,,,,,,,,,,,,,,,,,,,,,,,,,,,,,,,,,,,,,,,,,,,,,,,,,,,,,,,,,,,,,,,,,,,,,,,,,,,,,,,,,,,,,
404,CLIFF,12-13,12-22,12-26*,13-27*,22-27,22-41*,16-17,16-23*,29-33*,19-29,20-29,21-29,21-30*,27-40*,40-41,28-41*,,,,,,,,,,,,,,,,,,,,,,,,,,,,,,,,,,,,,,,,,,,,,,,,,,,,,,,,,,,,,,,,,,,,,,,,,,,,,,,,,,,,,
441,INFO,_,lmmmmm,3603,AVG,,,,,,,,,,,,,,,,,,,,,,,,,,,,,,,,,,,,,,,,,,,,,,,,,,,,,,,,,,,,,,,,,,,,,,,,,,,,,,,,,,,,,,,,,,,,,,,,,
441,TERRAIN,l,m,m,m,m,m,l,l,m,m,m,m,m,m,m,m,l,l,l,m,l,l,l,l,l,l,m,m,l,l,l,m,l,l,m,l,l,,,,,,,,,,,,,,,,,,,,,,,,,,,,,,,,,,,,,,,,,,,,,,,,,,,,,,,,,,,,,,,,
441,RIVER,0-6,0-17,0-23,6-23,23-30,26-30,26-32,32-35,32-33,8-33,8-9,10-11,10-29,25-29*,12-13,13-24,24-31,24-27*,14-15,14-22,14-27,27-31,,,,,,,,,,,,,,,,,,,,,,,,,,,,,,,,,,,,,,,,,,,,,,,,,,,,,,,,,,,,,,,,,,,,,,,,,,,,,,,
441,LAKE,21,36,,,,,,,,,,,,,,,,,,,,,,,,,,,,,,,,,,,,,,,,,,,,,,,,,,,,,,,,,,,,,,,,,,,,,,,,,,,,,,,,,,,,,,,,,,,,,,,,,,,
441,BRIDGE,25-29,0-23,,,,,,,,,,,,,,,,,,,,,,,,,,,,,,,,,,,,,,,,,,,,,,,,,,,,,,,,,,,,,,,,,,,,,,,,,,,,,,,,,,,,,,,,,,,,,,,,,,,
441,MARK,28-star,,,,,,,,,,,,,,,,,,,,,,,,,,,,,,,,,,,,,,,,,,,,,,,,,,,,,,,,,,,,,,,,,,,,,,,,,,,,,,,,,,,,,,,,,,,,,,,,,,,,
442,INFO,_,lmmmmm,1194,AVG,,,,,,,,,,,,,,,,,,,,,,,,,,,,,,,,,,,,,,,,,,,,,,,,,,,,,,,,,,,,,,,,,,,,,,,,,,,,,,,,,,,,,,,,,,,,,,,,,
442,TERRAIN,l,m,m,m,m,m,l,l,m,m,m,m,m,m,m,m,l,l,_,_,_,_,_,_,_,_,_,_,_,_,_,_,_,_,_,_,_,,,,,,,,,,,,,,,,,,,,,,,,,,,,,,,,,,,,,,,,,,,,,,,,,,,,,,,,,,,,,,,,
461,INFO,_,lmmmhm,4907,AVG,,,,,,,,,,,,,,,,,,,,,,,,,,,,,,,,,,,,,,,,,,,,,,,,,,,,,,,,,,,,,,,,,,,,,,,,,,,,,,,,,,,,,,,,,,,,,,,,,
461,TERRAIN,l,m,m,m,h,m,l,l,m,m,m,m,m,h,m,m,h,m,l,l,m,m,l,m,l,l,l,h,m,m,l,m,l,m,l,m,l,m,m,m,l,,,,,,,,,,,,,,,,,,,,,,,,,,,,,,,,,,,,,,,,,,,,,,,,,,,,,,,,,,,,
461,RIVER,0-19,19-22,22-32,25-32,25-40,37-40,30-37,29-37,23-37,23-38,23-34,28-34,11-34,10-11,0-6,0-22,8-9,8-26,26-35,26-36,36-38,37-38,,,,,,,,,,,,,,,,,,,,,,,,,,,,,,,,,,,,,,,,,,,,,,,,,,,,,,,,,,,,,,,,,,,,,,,,,,,,,,,
461,BRIDGE,19-22,37-38,,,,,,,,,,,,,,,,,,,,,,,,,,,,,,,,,,,,,,,,,,,,,,,,,,,,,,,,,,,,,,,,,,,,,,,,,,,,,,,,,,,,,,,,,,,,,,,,,,,
461,CLIFF,16-17,16-21*,12-13,12-27,27-28*,,,,,,,,,,,,,,,,,,,,,,,,,,,,,,,,,,,,,,,,,,,,,,,,,,,,,,,,,,,,,,,,,,,,,,,,,,,,,,,,,,,,,,,,,,,,,,,,
461,MARK,37-star,,,,,,,,,,,,,,,,,,,,,,,,,,,,,,,,,,,,,,,,,,,,,,,,,,,,,,,,,,,,,,,,,,,,,,,,,,,,,,,,,,,,,,,,,,,,,,,,,,,,
481,INFO,_,lmmhmm,4574,h,,,,,,,,,,,,,,,,,,,,,,,,,,,,,,,,,,,,,,,,,,,,,,,,,,,,,,,,,,,,,,,,,,,,,,,,,,,,,,,,,,,,,,,,,,,,,,,,,
481,TERRAIN,l,m,m,h,m,m,l,l,m,m,m,h,m,m,h,m,m,m,l,l,m,m,m,l,l,l,l,l,l,l,l,h,m,l,h,l,m,m,h,h,m,l,h,m,m,,,,,,,,,,,,,,,,,,,,,,,,,,,,,,,,,,,,,,,,,,,,,,,,,,,,,,,,
481,RIVER,0-19,0-20,6-20,6-35,7-35,7-33,27-33,29-33,33-37,33-38,35-38,20-38,20-32,30-32,32-41,41-44,36-41,24-36,24-34,24-26,16-24,16-28,16-17,0-6,27-29,25-27,9-27,8-9,,,,,,,,,,,,,,,,,,,,,,,,,,,,,,,,,,,,,,,,,,,,,,,,,,,,,,,,,,,,,,,,,,,,,,,,,
481,BRIDGE,24-26,27-29,,,,,,,,,,,,,,,,,,,,,,,,,,,,,,,,,,,,,,,,,,,,,,,,,,,,,,,,,,,,,,,,,,,,,,,,,,,,,,,,,,,,,,,,,,,,,,,,,,,
481,CLIFF,10-11,11-23*,14-15,15-34,26-34*,29-39*,25-39,23-39,23-31*,,,,,,,,,,,,,,,,,,,,,,,,,,,,,,,,,,,,,,,,,,,,,,,,,,,,,,,,,,,,,,,,,,,,,,,,,,,,,,,,,,,,,,,,,,,,
481,MARK,38-star(-2 -4),,,,,,,,,,,,,,,,,,,,,,,,,,,,,,,,,,,,,,,,,,,,,,,,,,,,,,,,,,,,,,,,,,,,,,,,,,,,,,,,,,,,,,,,,,,,,,,,,,,,
481,TREE,14-t1(6 4),23-t1(-5 4),23-t4(3 2),24-t1(2 -3),24-t2(-6 4),27-t1(-3 3),27-t1(3 6),27-t2(3 -5),30-t1(0 -7),30-t2(8 1),30-t3(0 3),31-t1(7 5),31-t2(3 -2),32-t2(-2 7),32-t2(4 -3),33-t2(7 3),33-t4(-1 -1),34-t1(3 -5),34-t3(-3 3),35-t1(-3 -2),35-t2(5 1),38-t1(2 4),39-t2(2 -4),,,,,,,,,,,,,,,,,,,,,,,,,,,,,,,,,,,,,,,,,,,,,,,,,,,,,,,,,,,,,,,,,,,,,,,,,,,,,,
482,INFO,_,lmmhmm,4168,h,,,,,,,,,,,,,,,,,,,,,,,,,,,,,,,,,,,,,,,,,,,,,,,,,,,,,,,,,,,,,,,,,,,,,,,,,,,,,,,,,,,,,,,,,,,,,,,,,
482,TERRAIN,l,m,m,h,m,m,l,l,m,m,m,h,m,m,h,m,m,m,l,l,m,l,m,m,m,h,l,m,l,h,h,h,h,l,h,l,l,m,m,h,m,m,m,m,,,,,,,,,,,,,,,,,,,,,,,,,,,,,,,,,,,,,,,,,,,,,,,,,,,,,,,,,
482,RIVER,8-9,9-35,9-38,9-23,2-23,10-23,23-37,22-37,22-25,25-32,29-32,29-31,30-31,27-31,26-27,17-27,16-17,0-6,0-28,0-19,,,,,,,,,,,,,,,,,,,,,,,,,,,,,,,,,,,,,,,,,,,,,,,,,,,,,,,,,,,,,,,,,,,,,,,,,,,,,,,,,
482,BRIDGE,25-32,,,,,,,,,,,,,,,,,,,,,,,,,,,,,,,,,,,,,,,,,,,,,,,,,,,,,,,,,,,,,,,,,,,,,,,,,,,,,,,,,,,,,,,,,,,,,,,,,,,,
482,CLIFF,10-11,11-37*,14-15,15-29,15-30,4-30*,26-31*,31-43,31-40*,,,,,,,,,,,,,,,,,,,,,,,,,,,,,,,,,,,,,,,,,,,,,,,,,,,,,,,,,,,,,,,,,,,,,,,,,,,,,,,,,,,,,,,,,,,,
482,TREE,10-t2(-5 2),17-t1(3 5),17-t2(7 -4),19-t1(7 -3),19-t2(-2 -7),23-t1(8 0),23-t2(-5 -4),26-t1(-9 0),26-t1(2 -6),26-t3(0 5),28-t3(-3 4),29-t2(2 5),30-t1(6 1),30-t2(-4 -2),35-t2(3 -3),37-t2(-2 -2),38-t1(4 0),,,,,,,,,,,,,,,,,,,,,,,,,,,,,,,,,,,,,,,,,,,,,,,,,,,,,,,,,,,,,,,,,,,,,,,,,,,,,,,,,,,,
482,MARK,31-star,,,,,,,,,,,,,,,,,,,,,,,,,,,,,,,,,,,,,,,,,,,,,,,,,,,,,,,,,,,,,,,,,,,,,,,,,,,,,,,,,,,,,,,,,,,,,,,,,,,,
483,INFO,_,lmmhmm,4073,AVG,,,,,,,,,,,,,,,,,,,,,,,,,,,,,,,,,,,,,,,,,,,,,,,,,,,,,,,,,,,,,,,,,,,,,,,,,,,,,,,,,,,,,,,,,,,,,,,,,
483,TERRAIN,l,m,m,h,m,m,l,l,m,m,m,h,m,m,h,m,m,m,l,l,_,_,_,_,_,_,_,_,_,_,_,_,_,_,_,_,_,_,_,_,_,,,,,,,,,,,,,,,,,,,,,,,,,,,,,,,,,,,,,,,,,,,,,,,,,,,,,,,,,,,,
484,INFO,_,lmmhmm,347,l,,,,,,,,,,,,,,,,,,,,,,,,,,,,,,,,,,,,,,,,,,,,,,,,,,,,,,,,,,,,,,,,,,,,,,,,,,,,,,,,,,,,,,,,,,,,,,,,,
484,TERRAIN,l,m,m,h,m,m,l,l,m,m,m,h,m,m,h,m,m,m,l,l,_,_,_,_,_,_,_,_,_,_,_,_,_,_,_,_,,,,,,,,,,,,,,,,,,,,,,,,,,,,,,,,,,,,,,,,,,,,,,,,,,,,,,,,,,,,,,,,,
521,INFO,X,lmhmmm,2117,AVG,,,,,,,,,,,,,,,,,,,,,,,,,,,,,,,,,,,,,,,,,,,,,,,,,,,,,,,,,,,,,,,,,,,,,,,,,,,,,,,,,,,,,,,,,,,,,,,,,
521,TERRAIN,l,m,h,m,m,m,l,l,m,h,m,m,h,m,m,m,m,m,l,l,m,l,m,h,m,l,h,h,l,l,m,m,m,h,l,h,m,l,h,m,,,,,,,,,,,,,,,,,,,,,,,,,,,,,,,,,,,,,,,,,,,,,,,,,,,,,,,,,,,,,
521,RIVER,0-19,0-34,6-34,22-34,34-38,28-38,28-33,20-33,20-32,17-32,16-17,0-6,14-15,15-36,36-39,31-39,31-33,23-33,33-38,,,,,,,,,,,,,,,,,,,,,,,,,,,,,,,,,,,,,,,,,,,,,,,,,,,,,,,,,,,,,,,,,,,,,,,,,,,,,,,,,,
521,BRIDGE,6-34,23-33,,,,,,,,,,,,,,,,,,,,,,,,,,,,,,,,,,,,,,,,,,,,,,,,,,,,,,,,,,,,,,,,,,,,,,,,,,,,,,,,,,,,,,,,,,,,,,,,,,,
521,CLIFF,8-9,8-27,21-27*,12-13,12-25,12-37,26-37,35-37*,,,,,,,,,,,,,,,,,,,,,,,,,,,,,,,,,,,,,,,,,,,,,,,,,,,,,,,,,,,,,,,,,,,,,,,,,,,,,,,,,,,,,,,,,,,,,
541,INFO,_,lmhmhm,4476,AVG,,,,,,,,,,,,,,,,,,,,,,,,,,,,,,,,,,,,,,,,,,,,,,,,,,,,,,,,,,,,,,,,,,,,,,,,,,,,,,,,,,,,,,,,,,,,,,,,,
541,TERRAIN,l,m,h,m,h,m,l,l,m,h,m,m,h,m,m,h,m,m,h,m,l,l,h,m,h,m,h,l,m,m,m,m,h,h,l,h,l,m,m,l,h,,,,,,,,,,,,,,,,,,,,,,,,,,,,,,,,,,,,,,,,,,,,,,,,,,,,,,,,,,,,
541,RIVER,0-6,0-23,0-21,,,,,,,,,,,,,,,,,,,,,,,,,,,,,,,,,,,,,,,,,,,,,,,,,,,,,,,,,,,,,,,,,,,,,,,,,,,,,,,,,,,,,,,,,,,,,,,,,,
541,CLIFF,18-19,19-22,22-36,22-27,27-33*,14-15,14-26,26-31*,12-13,13-32*,8-9,9-28*,34-40*,27-40,37-40*,,,,,,,,,,,,,,,,,,,,,,,,,,,,,,,,,,,,,,,,,,,,,,,,,,,,,,,,,,,,,,,,,,,,,,,,,,,,,,,,,,,,,,
601,INFO,_,mmmmmm,4485,AVG,,,,,,,,,,,,,,,,,,,,,,,,,,,,,,,,,,,,,,,,,,,,,,,,,,,,,,,,,,,,,,,,,,,,,,,,,,,,,,,,,,,,,,,,,,,,,,,,,
601,TERRAIN,m,m,m,m,m,m,m,m,m,m,m,m,m,m,m,m,m,m,m,m,m,h,l,h,m,m,h,l,h,m,m,h,m,l,h,l,,,,,,,,,,,,,,,,,,,,,,,,,,,,,,,,,,,,,,,,,,,,,,,,,,,,,,,,,,,,,,,,,
601,RIVER,8-9,9-27,9-33,9-22,2-22,10-22,11-22,11-35,11-20,3-20,12-20,12-19,12-13,10-11,6-7,6-29,26-29,28-29,28-30,28-32,25-28,21-25,18-25,18-24,15-24,14-15,16-17,17-21,17-28,26-28,,,,,,,,,,,,,,,,,,,,,,,,,,,,,,,,,,,,,,,,,,,,,,,,,,,,,,,,,,,,,,,,,,,,,,,
601,BRIDGE,26-28,,,,,,,,,,,,,,,,,,,,,,,,,,,,,,,,,,,,,,,,,,,,,,,,,,,,,,,,,,,,,,,,,,,,,,,,,,,,,,,,,,,,,,,,,,,,,,,,,,,,
601,CLIFF,30-31*,31-33,31-35,20-31,20-34*,,,,,,,,,,,,,,,,,,,,,,,,,,,,,,,,,,,,,,,,,,,,,,,,,,,,,,,,,,,,,,,,,,,,,,,,,,,,,,,,,,,,,,,,,,,,,,,,
661,INFO,_,mmmhmh,1467,AVG,,,,,,,,,,,,,,,,,,,,,,,,,,,,,,,,,,,,,,,,,,,,,,,,,,,,,,,,,,,,,,,,,,,,,,,,,,,,,,,,,,,,,,,,,,,,,,,,,
661,TERRAIN,m,m,m,h,m,h,m,m,m,m,m,h,m,m,h,m,m,h,m,m,h,m,m,m,m,h,l,l,m,m,l,m,l,m,h,m,m,m,h,h,h,h,h,m,m,m,l,m,,,,,,,,,,,,,,,,,,,,,,,,,,,,,,,,,,,,,,,,,,,,,,,,,,,,,
661,RIVER,6-7,6-30,30-44,24-44,24-37,28-37,28-39,39-45,22-45,38-45,38-43,40-43,35-43,31-35,23-31,31-47,27-31,27-33,27-46,10-46,2-46,9-46,9-26,8-9,,,,,,,,,,,,,,,,,,,,,,,,,,,,,,,,,,,,,,,,,,,,,,,,,,,,,,,,,,,,,,,,,,,,,,,,,,,,,
661,BRIDGE,31-35,24-44,,,,,,,,,,,,,,,,,,,,,,,,,,,,,,,,,,,,,,,,,,,,,,,,,,,,,,,,,,,,,,,,,,,,,,,,,,,,,,,,,,,,,,,,,,,,,,,,,,,
661,CLIFF,10-11,11-27*,14-15,14-29,29-34*,16-17,16-38,29-38*,20-21,20-37*,30-41*,32-41,26-41*,,,,,,,,,,,,,,,,,,,,,,,,,,,,,,,,,,,,,,,,,,,,,,,,,,,,,,,,,,,,,,,,,,,,,,,,,,,,,,,,,,,,,,,,
661,TREE,7-t2(0 -5),9-t1(-3 4),14-t1(0 9),21-t1(5 -7),22-t2(3 -2),26-t1(0 -6),26-t1(-3 3),26-t2(7 -2),27-t1(2 3),27-t1(-5.5 6),30-t2(-2 5),31-t1(5 -4),32-t1(-6 1),34-t1(-5 -3),36-t1(2 -1),37,46-t1(5 -3),,,,,,,,,,,,,,,,,,,,,,,,,,,,,,,,,,,,,,,,,,,,,,,,,,,,,,,,,,,,,,,,,,,,,,,,,,,,,,,,,,,,
661,MARK,41-star,,,,,,,,,,,,,,,,,,,,,,,,,,,,,,,,,,,,,,,,,,,,,,,,,,,,,,,,,,,,,,,,,,,,,,,,,,,,,,,,,,,,,,,,,,,,,,,,,,,,
662,INFO,_,mmmhmh,2545,AVG,,,,,,,,,,,,,,,,,,,,,,,,,,,,,,,,,,,,,,,,,,,,,,,,,,,,,,,,,,,,,,,,,,,,,,,,,,,,,,,,,,,,,,,,,,,,,,,,,
662,TERRAIN,m,m,m,h,m,h,m,m,m,m,m,h,m,m,h,m,m,h,m,m,h,m,h,m,l,l,m,h,m,m,m,m,h,m,m,l,m,h,l,l,m,m,m,l,l,l,,,,,,,,,,,,,,,,,,,,,,,,,,,,,,,,,,,,,,,,,,,,,,,,,,,,,,,
662,RIVER,6-7,6-38,24-38,38-44,35-38,25-38,7-25,1-25,8-25,8-41,8-9,,,,,,,,,,,,,,,,,,,,,,,,,,,,,,,,,,,,,,,,,,,,,,,,,,,,,,,,,,,,,,,,,,,,,,,,,,,,,,,,,,,,,,,,,,
662,BRIDGE,24-38,,,,,,,,,,,,,,,,,,,,,,,,,,,,,,,,,,,,,,,,,,,,,,,,,,,,,,,,,,,,,,,,,,,,,,,,,,,,,,,,,,,,,,,,,,,,,,,,,,,,
662,CLIFF,10-11,10-37*,14-15,14-33,32-33,29-32,32-34*,16-17,17-31,17-36*,20-21,20-40*,23-37*,22-23,22-43*,,,,,,,,,,,,,,,,,,,,,,,,,,,,,,,,,,,,,,,,,,,,,,,,,,,,,,,,,,,,,,,,,,,,,,,,,,,,,,,,,,,,,,
662,TREE,0-t1(2 -13),7-t1(-8 -3),7-t3(3 -8),9-t2(-3 1),13-t1(1 5),16-t2(4 -3),25-t2(2 9.5),25-t2(10 8),29-t2(-4 2),35-t2(4 2),38-t1(-3 -3),38-t2(7 0),39-t1(-3 -4),39-t1(6 -2),39-t1(2 5),40-t3(2 4),43-t1(5 4),43-t2(-2 -4),,,,,,,,,,,,,,,,,,,,,,,,,,,,,,,,,,,,,,,,,,,,,,,,,,,,,,,,,,,,,,,,,,,,,,,,,,,,,,,,,,,
662,MARK,45-star,,,,,,,,,,,,,,,,,,,,,,,,,,,,,,,,,,,,,,,,,,,,,,,,,,,,,,,,,,,,,,,,,,,,,,,,,,,,,,,,,,,,,,,,,,,,,,,,,,,,
663,INFO,_,mmmhmh,4315,AVG,,,,,,,,,,,,,,,,,,,,,,,,,,,,,,,,,,,,,,,,,,,,,,,,,,,,,,,,,,,,,,,,,,,,,,,,,,,,,,,,,,,,,,,,,,,,,,,,,
663,TERRAIN,m,m,m,h,m,h,m,m,m,m,m,h,m,m,h,m,m,h,m,m,h,m,_,_,_,_,_,_,_,_,_,_,_,_,_,_,_,_,_,_,_,_,_,_,_,_,,,,,,,,,,,,,,,,,,,,,,,,,,,,,,,,,,,,,,,,,,,,,,,,,,,,,,,
701,INFO,_,mmhmmh,2359,h,,,,,,,,,,,,,,,,,,,,,,,,,,,,,,,,,,,,,,,,,,,,,,,,,,,,,,,,,,,,,,,,,,,,,,,,,,,,,,,,,,,,,,,,,,,,,,,,,
701,TERRAIN,m,m,h,m,m,h,m,m,m,h,m,m,h,m,m,m,m,h,m,m,h,m,m,m,h,l,m,h,h,h,h,h,m,m,h,h,m,m,h,m,m,h,h,h,l,m,l,,,,,,,,,,,,,,,,,,,,,,,,,,,,,,,,,,,,,,,,,,,,,,,,,,,,,,
701,RIVER,14-15,15-44,15-33,32-33,32-36,31-36,31-38,37-38,35-38,34-35,22-35,22-26,22-23,6-22,6-7,,,,,,,,,,,,,,,,,,,,,,,,,,,,,,,,,,,,,,,,,,,,,,,,,,,,,,,,,,,,,,,,,,,,,,,,,,,,,,,,,,,,,,
701,BRIDGE,31-38,35-38,,,,,,,,,,,,,,,,,,,,,,,,,,,,,,,,,,,,,,,,,,,,,,,,,,,,,,,,,,,,,,,,,,,,,,,,,,,,,,,,,,,,,,,,,,,,,,,,,,,
701,CLIFF,8-9,9-25,25-41,25-29*,12-13,12-40*,16-17,16-31*,20-21,20-26*,35-37*,27-37,28-37,31-37*,,,,,,,,,,,,,,,,,,,,,,,,,,,,,,,,,,,,,,,,,,,,,,,,,,,,,,,,,,,,,,,,,,,,,,,,,,,,,,,,,,,,,,,
701,TREE,7-t3(-4 -1),11-t2(-2 4),15-t2(3 3),22-t1(7 6),22-t2(-6 2),25-t1(7 -3),26-t2(7 -1),32-t1(10 -2),32-t2(1 2),37-t1(1 -1),39-t2(3 -7),39-t3(6 5),41-t2(-1 1),,,,,,,,,,,,,,,,,,,,,,,,,,,,,,,,,,,,,,,,,,,,,,,,,,,,,,,,,,,,,,,,,,,,,,,,,,,,,,,,,,,,,,,,
701,MARK,38-star,,,,,,,,,,,,,,,,,,,,,,,,,,,,,,,,,,,,,,,,,,,,,,,,,,,,,,,,,,,,,,,,,,,,,,,,,,,,,,,,,,,,,,,,,,,,,,,,,,,,
702,INFO,_,mmhmmh,2032,AVG,,,,,,,,,,,,,,,,,,,,,,,,,,,,,,,,,,,,,,,,,,,,,,,,,,,,,,,,,,,,,,,,,,,,,,,,,,,,,,,,,,,,,,,,,,,,,,,,,
702,TERRAIN,m,m,h,m,m,h,m,m,m,h,m,m,h,m,m,m,m,h,m,m,h,m,h,m,h,m,h,l,m,m,m,h,m,m,m,l,m,l,m,l,l,m,l,,,,,,,,,,,,,,,,,,,,,,,,,,,,,,,,,,,,,,,,,,,,,,,,,,,,,,,,,,
702,RIVER,6-7,7-40,7-27,27-34,27-42,37-42,37-39,35-39,33-35,28-33,22-28,14-28,14-15,,,,,,,,,,,,,,,,,,,,,,,,,,,,,,,,,,,,,,,,,,,,,,,,,,,,,,,,,,,,,,,,,,,,,,,,,,,,,,,,,,,,,,,,
702,BRIDGE,27-42,,,,,,,,,,,,,,,,,,,,,,,,,,,,,,,,,,,,,,,,,,,,,,,,,,,,,,,,,,,,,,,,,,,,,,,,,,,,,,,,,,,,,,,,,,,,,,,,,,,,
702,CLIFF,8-9,9-34,9-41,24-41*,12-13,13-31*,16-17,17-30,17-32,26-32,26-36*,20-21,20-23*,,,,,,,,,,,,,,,,,,,,,,,,,,,,,,,,,,,,,,,,,,,,,,,,,,,,,,,,,,,,,,,,,,,,,,,,,,,,,,,,,,,,,,,,
702,TREE,4-t1(7 3),8-t3(-2 0),11-t3(-3 4),13-t1(-5 7),23-t2(1 -5),23-t3(9 -2),34-t3(2 -5),34-t2(-2 6),35-t4(0 -1),35-t2(-2 10),35-t1(6 8),36-t2(0 3),36-t1(4 -7),37-t3(-3 5),37-t2(3 -7),37-t1(-4 -10),,,,,,,,,,,,,,,,,,,,,,,,,,,,,,,,,,,,,,,,,,,,,,,,,,,,,,,,,,,,,,,,,,,,,,,,,,,,,,,,,,,,,
721,INFO,X,mmhmhh,3898,AVG,,,,,,,,,,,,,,,,,,,,,,,,,,,,,,,,,,,,,,,,,,,,,,,,,,,,,,,,,,,,,,,,,,,,,,,,,,,,,,,,,,,,,,,,,,,,,,,,,
721,TERRAIN,m,m,h,m,h,h,m,m,m,h,m,m,h,m,m,h,m,h,m,h,m,h,m,h,h,m,h,m,h,m,m,m,h,m,m,h,m,m,h,m,m,m,m,h,h,h,m,h,m,,,,,,,,,,,,,,,,,,,,,,,,,,,,,,,,,,,,,,,,,,,,,,,,,,,,
721,RIVER,6-7*,,,,,,,,,,,,,,,,,,,,,,,,,,,,,,,,,,,,,,,,,,,,,,,,,,,,,,,,,,,,,,,,,,,,,,,,,,,,,,,,,,,,,,,,,,,,,,,,,,,,
721,LAKE,42,,,,,,,,,,,,,,,,,,,,,,,,,,,,,,,,,,,,,,,,,,,,,,,,,,,,,,,,,,,,,,,,,,,,,,,,,,,,,,,,,,,,,,,,,,,,,,,,,,,,
721,CLIFF,8-9,8-45,40-45,32-40,38-40*,12-13,13-24,24-29,24-30,24-48*,14-15,15-33*,21-22,22-43,41-43,37-43*,23-30*,23-29,23-33*,,,,,,,,,,,,,,,,,,,,,,,,,,,,,,,,,,,,,,,,,,,,,,,,,,,,,,,,,,,,,,,,,,,,,,,,,,,,,,,,,,
721,TREE,8-t1(-1 0),8-t3(-7 -4),13-t1(-6 7),18-t1(4 -1),20-t2(4 -5),23-t3(-6 4),23-t2(0 -2),27-t3(-4 5),27-t1(1 -2),28-t2(-2 1),28-t4(8 2),28-t3(3 -7),39-t2(-3 5),39-t1(-5 -6),40-t3(0 2),40-t2(7 -1),44-t1(-2 -3),44-t2(4 2),46-t3(-1 -3),,,,,,,,,,,,,,,,,,,,,,,,,,,,,,,,,,,,,,,,,,,,,,,,,,,,,,,,,,,,,,,,,,,,,,,,,,,,,,,,,,
761,INFO,_,mmhhhh,3252,AVG,,,,,,,,,,,,,,,,,,,,,,,,,,,,,,,,,,,,,,,,,,,,,,,,,,,,,,,,,,,,,,,,,,,,,,,,,,,,,,,,,,,,,,,,,,,,,,,,,
761,TERRAIN,m,m,h,h,h,h,m,m,m,h,m,h,m,h,h,m,h,h,m,h,m,h,m,l,m,h,h,m,m,m,h,h,m,h,l,m,l,h,l,h,h,l,h,m,m,l,l,l,l,l,m,h,,,,,,,,,,,,,,,,,,,,,,,,,,,,,,,,,,,,,,,,,,,,,,,,,
761,RIVER,6-7,7-23,7-38,34-38,38-44,,,,,,,,,,,,,,,,,,,,,,,,,,,,,,,,,,,,,,,,,,,,,,,,,,,,,,,,,,,,,,,,,,,,,,,,,,,,,,,,,,,,,,,,,,,,,,,,
761,LAKE,41,45,48,,,,,,,,,,,,,,,,,,,,,,,,,,,,,,,,,,,,,,,,,,,,,,,,,,,,,,,,,,,,,,,,,,,,,,,,,,,,,,,,,,,,,,,,,,,,,,,,,,
761,CLIFF,8-9,9-44*,21-22,21-32,32-39*,42-49*,42-47,40-47,40-46*,31-43,31-36*,29-31,29-51,14-29*,17-27*,25-27,25-43*,,,,,,,,,,,,,,,,,,,,,,,,,,,,,,,,,,,,,,,,,,,,,,,,,,,,,,,,,,,,,,,,,,,,,,,,,,,,,,,,,,,,
761,MARK,36-star,,,,,,,,,,,,,,,,,,,,,,,,,,,,,,,,,,,,,,,,,,,,,,,,,,,,,,,,,,,,,,,,,,,,,,,,,,,,,,,,,,,,,,,,,,,,,,,,,,,,
762,INFO,_,mmhhhh,4177,AVG,,,,,,,,,,,,,,,,,,,,,,,,,,,,,,,,,,,,,,,,,,,,,,,,,,,,,,,,,,,,,,,,,,,,,,,,,,,,,,,,,,,,,,,,,,,,,,,,,
762,TERRAIN,m,m,h,h,h,h,m,m,m,h,m,h,m,h,h,m,h,h,m,h,m,h,m,_,_,_,_,_,_,_,_,_,_,_,_,_,_,_,_,_,_,_,_,_,_,_,_,_,_,,,,,,,,,,,,,,,,,,,,,,,,,,,,,,,,,,,,,,,,,,,,,,,,,,,,
781,INFO,_,mhmhmh,2597,AVG,,,,,,,,,,,,,,,,,,,,,,,,,,,,,,,,,,,,,,,,,,,,,,,,,,,,,,,,,,,,,,,,,,,,,,,,,,,,,,,,,,,,,,,,,,,,,,,,,
781,TERRAIN,m,h,m,h,m,h,m,h,m,m,h,m,m,h,m,m,h,m,m,h,m,m,h,m,h,h,h,m,h,m,h,h,m,h,m,h,l,h,m,l,l,h,h,m,l,h,h,h,,,,,,,,,,,,,,,,,,,,,,,,,,,,,,,,,,,,,,,,,,,,,,,,,,,,,
781,CLIFF,10-11,11-31,11-45*,12-13,12-46,12-45*,16-17,17-24*,18-19,18-25,18-24*,22-23,23-30*,6-7,6-35,6-30*,34-47*,40-47,37-40,35-40*,28-32*,28-44,33-44,33-38*,39-45*,39-46,39-41,26-39,26-29*,,,,,,,,,,,,,,,,,,,,,,,,,,,,,,,,,,,,,,,,,,,,,,,,,,,,,,,,,,,,,,,,,,,,,,,,
781,TREE,9-t2(-5 -1),24-t1(3 4),24-t2(11 -2),29-t2(-4 -3),30-t2(-4 -4),32-t1(-3 -3),32-t1(5 0),34-t1(4 -4),34-t2(1 5),34-t4(-7 -2),36-t1(9 2),38-t1(-5 -5),38-t2(3 5),39-t3(5 6),39-t4(-4 -3),40-t3(-2 -3),42-t1(-1 1),44-t1(8 -3),44-t3(-6 2),,,,,,,,,,,,,,,,,,,,,,,,,,,,,,,,,,,,,,,,,,,,,,,,,,,,,,,,,,,,,,,,,,,,,,,,,,,,,,,,,,
781,MARK,36-tower(1 3),,,,,,,,,,,,,,,,,,,,,,,,,,,,,,,,,,,,,,,,,,,,,,,,,,,,,,,,,,,,,,,,,,,,,,,,,,,,,,,,,,,,,,,,,,,,,,,,,,,,
801,INFO,_,mhmhhh,2053,l,,,,,,,,,,,,,,,,,,,,,,,,,,,,,,,,,,,,,,,,,,,,,,,,,,,,,,,,,,,,,,,,,,,,,,,,,,,,,,,,,,,,,,,,,,,,,,,,,
801,TERRAIN,m,h,m,h,h,h,m,h,m,m,h,m,m,h,m,h,m,h,h,m,h,m,h,m,m,l,m,m,l,l,m,m,m,m,l,m,l,h,h,l,l,m,l,,,,,,,,,,,,,,,,,,,,,,,,,,,,,,,,,,,,,,,,,,,,,,,,,,,,,,,,,,
801,CLIFF,6-7,7-41*,10-11,10-24,24-38*,12-13,13-32*,18-29*,18-42,4-42,17-42,17-36*,22-23,22-26*,,,,,,,,,,,,,,,,,,,,,,,,,,,,,,,,,,,,,,,,,,,,,,,,,,,,,,,,,,,,,,,,,,,,,,,,,,,,,,,,,,,,,,,
801,MARK,42-star,,,,,,,,,,,,,,,,,,,,,,,,,,,,,,,,,,,,,,,,,,,,,,,,,,,,,,,,,,,,,,,,,,,,,,,,,,,,,,,,,,,,,,,,,,,,,,,,,,,,
821,INFO,_,mhhmhh,217,AVG,,,,,,,,,,,,,,,,,,,,,,,,,,,,,,,,,,,,,,,,,,,,,,,,,,,,,,,,,,,,,,,,,,,,,,,,,,,,,,,,,,,,,,,,,,,,,,,,,
821,TERRAIN,m,h,h,m,h,h,m,h,m,h,m,h,m,h,m,m,h,m,h,m,h,m,h,m,h,h,m,h,m,m,m,m,m,h,m,m,m,l,m,h,m,m,m,h,m,m,l,,,,,,,,,,,,,,,,,,,,,,,,,,,,,,,,,,,,,,,,,,,,,,,,,,,,,,
821,CLIFF,6-7,7-26,7-38*,13-14,13-30,27-30*,15-16,15-33,30-33*,22-23,22-29*,24-44*,24-42,25-42,33-42*,,,,,,,,,,,,,,,,,,,,,,,,,,,,,,,,,,,,,,,,,,,,,,,,,,,,,,,,,,,,,,,,,,,,,,,,,,,,,,,,,,,,,,
821,TREE,6-t1(2 -10),6-t2(-5 -4),7-t3(-5 -7),12-t3(-3 7),15-t2(6 3),21-t2(5 -4),28-t1(-5 4),28-t2(1 -3),30-t2(0 5),30-t3(-6 -1),32-t3(3 0),37-t3(0 5),37-t3(-6 -5),37-t3(4 -7),38-t3(1 3),40-t1(1 5),40-t2(0 -6),46-t4(-5 3),46-t1(5 7),,,,,,,,,,,,,,,,,,,,,,,,,,,,,,,,,,,,,,,,,,,,,,,,,,,,,,,,,,,,,,,,,,,,,,,,,,,,,,,,,,
821,MARK,46-star(4 -2),,,,,,,,,,,,,,,,,,,,,,,,,,,,,,,,,,,,,,,,,,,,,,,,,,,,,,,,,,,,,,,,,,,,,,,,,,,,,,,,,,,,,,,,,,,,,,,,,,,,
822,INFO,_,mhhmhh,3397,AVG,,,,,,,,,,,,,,,,,,,,,,,,,,,,,,,,,,,,,,,,,,,,,,,,,,,,,,,,,,,,,,,,,,,,,,,,,,,,,,,,,,,,,,,,,,,,,,,,,
822,TERRAIN,m,h,h,m,h,h,m,h,m,h,m,h,m,h,m,m,h,m,h,m,h,m,h,m,m,m,m,m,m,h,m,h,m,m,h,h,m,h,m,h,m,m,m,m,h,m,m,,,,,,,,,,,,,,,,,,,,,,,,,,,,,,,,,,,,,,,,,,,,,,,,,,,,,,
822,CLIFF,6-7,7-32*,22-23,22-26,26-29,29-46*,13-14,14-37,3-37,15-37,15-35,15-16,30-39*,39-43,34-43*,,,,,,,,,,,,,,,,,,,,,,,,,,,,,,,,,,,,,,,,,,,,,,,,,,,,,,,,,,,,,,,,,,,,,,,,,,,,,,,,,,,,,,
822,TREE,6-t2(-1 -4),10-t3(-7 -1),12-t2(-2 4),24-t2(-5 1),24-t3(4 -3),27-t1(-4 -2),27-t2(4 0),28-t3(1 0),31-t3(-7 -3),31-t2(4 5),31-t1(2 -6),32-t3(-3 -2),32-t1(6 2),33-t2(9 2),33-t1(4 -4),34-t3(3 -5),34-t2(-2 7),44-t2(-3 5),44-t1(1 -5),,,,,,,,,,,,,,,,,,,,,,,,,,,,,,,,,,,,,,,,,,,,,,,,,,,,,,,,,,,,,,,,,,,,,,,,,,,,,,,,,,
822,MARK,35-star,,,,,,,,,,,,,,,,,,,,,,,,,,,,,,,,,,,,,,,,,,,,,,,,,,,,,,,,,,,,,,,,,,,,,,,,,,,,,,,,,,,,,,,,,,,,,,,,,,,,
861,INFO,_,hhhhhh,1476,l,,,,,,,,,,,,,,,,,,,,,,,,,,,,,,,,,,,,,,,,,,,,,,,,,,,,,,,,,,,,,,,,,,,,,,,,,,,,,,,,,,,,,,,,,,,,,,,,,
861,TERRAIN,h,h,h,h,h,h,h,m,h,h,m,h,h,m,h,h,m,h,h,m,h,h,m,h,h,h,m,m,m,m,m,h,h,m,m,h,m,h,m,m,m,h,m,h,m,,,,,,,,,,,,,,,,,,,,,,,,,,,,,,,,,,,,,,,,,,,,,,,,,,,,,,,,
861,CLIFF,18-27*,25-27,25-38*,26-35*,35-38,30-35,35-44*,12-42*,31-42,28-31*,6-36*,36-37,37-39*,,,,,,,,,,,,,,,,,,,,,,,,,,,,,,,,,,,,,,,,,,,,,,,,,,,,,,,,,,,,,,,,,,,,,,,,,,,,,,,,,,,,,,,,
861,TREE,12-t2(-2 4),23-t1(6 -8),24-t2(7 3),24-t3(-1 -3),25-t1(-1 5),25-t2(5 -2),28-t3(0 -1),31-t2(-4 4),31-t3(3 -3),32-t2(5 -5),32-t3(-4 1),34-t2(6 -4),34-t3(-2 0),35-t2(-8 -1),35-t2(8 -1),37-t2(-4 5),37-t2(6 1),37-t3(-1 -5),40-t1(5 4),40-t1(-1 -5),43-t2(-4 -5),,,,,,,,,,,,,,,,,,,,,,,,,,,,,,,,,,,,,,,,,,,,,,,,,,,,,,,,,,,,,,,,,,,,,,,,,,,,,,,,
861,MARK,35-tower,,,,,,,,,,,,,,,,,,,,,,,,,,,,,,,,,,,,,,,,,,,,,,,,,,,,,,,,,,,,,,,,,,,,,,,,,,,,,,,,,,,,,,,,,,,,,,,,,,,,
862,INFO,_,hhhhhh,1315,AVG,,,,,,,,,,,,,,,,,,,,,,,,,,,,,,,,,,,,,,,,,,,,,,,,,,,,,,,,,,,,,,,,,,,,,,,,,,,,,,,,,,,,,,,,,,,,,,,,,
862,TERRAIN,h,h,h,h,h,h,h,h,m,h,h,h,h,m,h,h,h,h,m,h,h,h,h,m,h,m,h,h,m,h,h,h,h,m,h,h,h,m,h,h,m,h,h,m,m,m,m,h,h,h,m,m,m,m,,,,,,,,,,,,,,,,,,,,,,,,,,,,,,,,,,,,,,,,,,,,,,,
862,CLIFF,30-53*,36-53,41-53,41-46*,28-49*,28-38,38-45,35-45*,38-51*,35-51,32-51*,27-50*,27-52,27-37*,33-48*,40-48,40-42,15-40*,36-50*,41-50,48-50*,,,,,,,,,,,,,,,,,,,,,,,,,,,,,,,,,,,,,,,,,,,,,,,,,,,,,,,,,,,,,,,,,,,,,,,,,,,,,,,,
862,TREE,10-t3(-5 -1),16-t1(2 5),25-t1(2 3),25-t2(-2 -6),28-t2(2 0),40-t3(0 1),40-t1(-6 -4),44-t2(3 2),50-t3(3 7),51-t1(8 2),51-t2(2 -2),53-t2(-2 2),,,,,,,,,,,,,,,,,,,,,,,,,,,,,,,,,,,,,,,,,,,,,,,,,,,,,,,,,,,,,,,,,,,,,,,,,,,,,,,,,,,,,,,,,
862,MARK,50-star(-2 -3),,,,,,,,,,,,,,,,,,,,,,,,,,,,,,,,,,,,,,,,,,,,,,,,,,,,,,,,,,,,,,,,,,,,,,,,,,,,,,,,,,,,,,,,,,,,,,,,,,,,
863,INFO,_,hhhhhh,3296,l,,,,,,,,,,,,,,,,,,,,,,,,,,,,,,,,,,,,,,,,,,,,,,,,,,,,,,,,,,,,,,,,,,,,,,,,,,,,,,,,,,,,,,,,,,,,,,,,,
863,TERRAIN,h,h,h,h,h,h,h,m,h,h,m,h,h,m,h,h,m,h,h,m,h,h,m,h,_,_,_,_,_,_,_,_,_,_,_,_,_,_,_,_,_,_,_,_,_,,,,,,,,,,,,,,,,,,,,,,,,,,,,,,,,,,,,,,,,,,,,,,,,,,,,,,,,
864,INFO,_,hhhhhh,3296,l,,,,,,,,,,,,,,,,,,,,,,,,,,,,,,,,,,,,,,,,,,,,,,,,,,,,,,,,,,,,,,,,,,,,,,,,,,,,,,,,,,,,,,,,,,,,,,,,,
864,TERRAIN,h,h,h,h,h,h,h,m,h,h,m,h,h,m,h,h,m,h,h,m,h,h,m,h,_,_,_,_,_,_,_,_,_,_,_,_,_,_,_,_,_,_,_,_,_,,,,,,,,,,,,,,,,,,,,,,,,,,,,,,,,,,,,,,,,,,,,,,,,,,,,,,,,
